{"cameraMode":{"drawMode":0,"name":"Shaded","section":"Shading Mode"},"sceneLighting":false,"audioPlay":false,"sceneViewState":{"m_AlwaysRefresh":false,"showFog":true,"showSkybox":false,"showFlares":true,"showImageEffects":true,"showParticleSystems":true,"showVisualEffectGraphs":true,"m_FxEnabled":true},"in2DMode":false,"pivot":{"x":89.85382843017578,"y":21.003633499145509,"z":8190.53271484375},"rotation":{"x":0.01137907337397337,"y":-0.05696578323841095,"z":0.0006496411515399814,"w":0.9983158707618713},"size":7.6834492683410648,"orthographic":false}